player,era,date,outlet,headline,body,url
LeBron James,post_2009,2026-03-01,New York Post,Lakers reveal injury for LeBron James after win vs Warriors,"Lakers star LeBron James is questionable for Sunday nights home game against the Kings, which is the second night of a back-to-back after Saturdays win over the Warriors. James, who was the lone pla…",https://nypost.com/2026/03/01/sports/lakers-lebron-james-lands-on-injury-report-ahead-of-kings-game/?utm_source=yahoo&amp;utm_campaign=nypost&amp;utm_medium=referral
LeBron James,post_2009,2026-03-01,USA Today,"Lakers vs. Warriors stats, highlights: LeBron James, Luka Doncic key blowout win","Luka Doncic and LeBron James led the Los Angeles Lakers to an easy 129-101 victory over the Golden State Warriors at the Chase Center on Saturday, Feb. 28. Both of the Lakers stars flirted with trip…",https://www.usatoday.com/story/sports/nba/lakers/2026/02/28/luka-doncic-lebron-james-lakers-warriors-score-stats-highlights/88928135007/
LeBron James,post_2009,2026-03-01,New York Post,LeBron James’ daughter delivers first assist in Lakers’ win over Warriors: ‘She’s a good luck charm’,"SAN FRANCISCO After playing in the NBA for 23 seasons, its rare for LeBron James to experience a first. But he got one when he shared court time with his 11-year-old daughter, Zhuri, ahead of the La…",https://nypost.com/2026/03/01/sports/lebron-james-daughter-delivers-special-moment-ahead-of-road-win-vs-warriors/?utm_source=yahoo&amp;utm_campaign=nypost&amp;utm_medium=referral
LeBron James,post_2009,2026-03-02,New York Post,LeBron James fires off profane response to question about daughter’s basketball future: ‘Don’t get my wife mad’,"LeBron James family is just about basketball-ed out. The Lakers superstar forward spoke with reporters on Sunday night after a 129-101 blowout win over the sorry Sacramento Kings, where his daughter…",https://nypost.com/2026/03/02/sports/lebron-james-fires-off-profane-response-to-question-about-daughters-basketball-future/?utm_source=yahoo&amp;utm_campaign=nypost&amp;utm_medium=referral
LeBron James,post_2009,2026-03-02,101 Great Goals,Lakers vs Kings: Luka Doncic calls Novak Djokovic ‘the GOAT’ after LeBron James snap,Luka Doncic has praised Novak Djokovic as the “greatest of all time” after playing a starring role in the Los Angeles’ Lakers’ 128-104 win over the Sacramento Kings in front of the tennis legend. Th…,https://www.101greatgoals.com/nba/lakers-vs-kings-luka-doncic/
LeBron James,post_2009,2026-03-02,Yahoo Entertainment,Luka Doncic and LeBron James power Lakers to dominant win over last-place Kings,The search for sustained consistency remained a focus for the Lakers on Sunday against a Sacramento Kings team with the NBA's worst record. And it helped that the Lakers were completely healthy agai…,https://sports.yahoo.com/articles/luka-doncic-lebron-james-power-051140139.html
LeBron James,post_2009,2026-03-02,New York Post,LeBron James’ wife Savannah gives clear stance on daughter’s sports future,Sure doesnt look like theres any way the last of LeBron James offspring will be a basketball player. After Zhuri James showed off some skills on the hardwood during a road trip to Northern Californi…,https://nypost.com/2026/03/02/sports/lebron-james-wife-savannah-says-daughter-zhuri-plays-volleyball/?utm_source=yahoo&amp;utm_campaign=nypost&amp;utm_medium=referral
LeBron James,post_2009,2026-03-04,Yahoo Entertainment,Hypothetical LeBron James retirement tour idea for next season has gone viral,"If you click 'Accept all', we and our partners, including 246 who are part of the IAB Transparency &amp; Consent Framework, will also store and / or access information on a device (in other words, us…",https://consent.yahoo.com/v2/collectConsent?sessionId=1_cc-session_79511c6e-14e0-4a5f-b378-cb0ae976a99b
LeBron James,post_2009,2026-03-05,TheBlaze,Whitlock: The REAL reason LeBron James won’t let his daughter join the WNBA,"When LeBron James opened up about cherishing time with his children during the NBA season, the conversation took an unexpected turn. After quickly correcting an interviewer that his daughter plays vo…",https://www.theblaze.com/shows/fearless-with-jason-whitlock/whitlock-the-real-reason-lebron-james-wont-let-his-daughter-join-the-wnba
LeBron James,post_2009,2026-03-06,BBC,'His greatest hits are insane' - James claims another NBA record,LeBron James surpassed Kareem Abdul-Jabbar for the most field goals scored in NBA history as the Los Angeles Lakers lost at the Denver Nuggets on Thursday. James scored 16 points for the Lakers in t…,https://www.bbc.com/sport/basketball/articles/c99j54plxgdo
LeBron James,post_2009,2026-03-06,TMZ,Phoenix Suns' Dillon Brooks Arrested For DUI In Scottsdale,"Phoenix Suns player Dillon Brooks was busted for DUI Friday morning, TMZ Sports has learned. Authorities tell us ... the small forward was arrested in Scottsdale around 2 AM ... and was released fro…",https://www.tmz.com/2026/03/06/dillon-brooks-arrested-dui/
LeBron James,post_2009,2026-03-06,Yahoo Entertainment,"LeBron James becomes NBA’s all-time leader in career field goals made, sustains 4th-quarter elbow injury","After 23 seasons in the NBA, Los Angeles Lakers star LeBron James is running out of new milestones to set. He accomplished yet another massive one Thursday when he became the NBA's all-time leader in…",https://sports.yahoo.com/nba/breaking-news/article/lebron-james-becomes-nbas-all-time-leader-in-career-field-goals-made-sustains-4th-quarter-elbow-injury-034423674.html
LeBron James,post_2009,2026-03-06,New York Post,LeBron James opens up on his looming retirement in most revealing interview ever,"Since LeBron James was nine years old, basketball has been his oxygen. Now, at age 41, he has made it clear hes approaching the end of his career. He doesnt know when hes going to retire, but he kno…",https://nypost.com/2026/03/06/sports/lakers-star-lebron-james-talks-retirement-and-lasting-legacy/?utm_source=yahoo&amp;utm_campaign=nypost&amp;utm_medium=referral
LeBron James,post_2009,2026-03-06,Yahoo Entertainment,Lakers rule out LeBron James for Friday's game against the Pacers due to elbow injury,Los Angeles Lakers superstar LeBron James won't be available Friday night when the team takes on the Indiana Pacers. The Lakers ruled James out for the contest due to an elbow injury he sustained lat…,https://sports.yahoo.com/nba/breaking-news/article/lakers-rule-out-lebron-james-for-fridays-game-against-the-pacers-due-to-elbow-injury-210637759.html
LeBron James,post_2009,2026-03-06,Yahoo Entertainment,"LeBron James breaks another record, becomes NBA’s all-time leader in career field goals made","If you click 'Accept all', we and our partners, including 246 who are part of the IAB Transparency &amp; Consent Framework, will also store and / or access information on a device (in other words, us…",https://consent.yahoo.com/v2/collectConsent?sessionId=1_cc-session_46b7f35e-96a0-4687-ab82-9d96a63e5389
LeBron James,post_2009,2026-03-06,Yahoo Entertainment,"LeBron James becomes NBA’s all-time leader in career field goals made, sustains fourth-quarter elbow injury","After 23 seasons in the NBA, Los Angeles Lakers star LeBron James is running out of new milestones to set. He accomplished yet another massive one Thursday when he became the NBA's all-time leader in…",https://sports.yahoo.com/nba/breaking-news/article/lebron-james-becomes-nbas-all-time-leader-in-career-field-goals-made-sustains-fourth-quarter-elbow-injury-034423269.html
LeBron James,post_2009,2026-03-06,USA Today,LeBron James breaks Kareem Abdul-Jabbar NBA record for field goals,"LeBron James has broken yet another NBA record held by Kareem Abdul-Jabbar. In the final seconds of the first quarter of the Los Angeles Lakers' game against the Denver Nuggets on Thursday night, Ja…",https://www.usatoday.com/story/sports/nba/lakers/2026/03/05/lebron-james-breaks-kareem-abdul-jabbar-record-field-goals/89011804007/
LeBron James,post_2009,2026-03-06,Silver Screen and Roll,LeBron James says elbow ‘pretty sore’ after fall during Nuggets loss,"After a short string of games at full health, the Lakers walked out of Thursdays game in Denver with 40% of their starting lineup unable to finish the game. Deandre Ayton played only briefly on in t…",https://www.silverscreenandroll.com/lakers-injury-report/109998/lakers-injury-report-lebron-james-nuggets-elbow-status-update
LeBron James,post_2009,2026-03-06,Silver Screen and Roll,"LeBron James, Deandre Ayton, Maxi Kleber out vs. Pacers","All of a sudden, the Lakers upcoming contest against the Pacers looks like a much tougher game. Los Angeles is playing on the second night of a back-to-back and will be taking on Indiana without LeBr…",https://www.silverscreenandroll.com/lakers-injury-report/110038/lakers-injury-report-lebron-james-deandre-ayton-knee-soreness-elbow-contusion-maxi-kleber-back-strain-status-update-pacers
LeBron James,post_2009,2026-03-06,Yahoo Entertainment,"LeBron James, Deandre Ayton sitting out of Lakers vs. Pacers","If you click 'Accept all', we and our partners, including 246 who are part of the IAB Transparency &amp; Consent Framework, will also store and / or access information on a device (in other words, us…",https://consent.yahoo.com/v2/collectConsent?sessionId=1_cc-session_730bb073-a534-4df4-9a33-69ee3b35951d
LeBron James,post_2009,2026-03-06,Yahoo Entertainment,LeBron James passes Kareem Abdul-Jabbar for all-time field goals made in NBA history,"If you click 'Accept all', we and our partners, including 246 who are part of the IAB Transparency &amp; Consent Framework, will also store and / or access information on a device (in other words, us…",https://consent.yahoo.com/v2/collectConsent?sessionId=1_cc-session_5d1576e1-77bc-4ff8-bbf2-cd5eafdab90e
LeBron James,post_2009,2026-03-06,New York Post,LeBron James’ elbow ‘pretty sore’ after late fall in loss to Nuggets,"DENVER LeBron James said after the Lakers 120-113 road loss to the Nuggets on Thursday night that his left elbow was pretty sore after his fall late in the game at Ball Arena, with the Lakers star ad…",https://nypost.com/2026/03/06/sports/lebron-james-elbow-pretty-sore-after-late-fall-in-loss/?utm_source=yahoo&amp;utm_campaign=nypost&amp;utm_medium=referral
LeBron James,post_2009,2026-03-06,Yahoo Entertainment,LeBron James breaks Kareem Abdul-Jabbar’s NBA record for career field goals,"If you click 'Accept all', we and our partners, including 246 who are part of the IAB Transparency &amp; Consent Framework, will also store and / or access information on a device (in other words, us…",https://consent.yahoo.com/v2/collectConsent?sessionId=1_cc-session_7b88ec64-3a03-407a-824b-9e7067a52d4a
LeBron James,post_2009,2026-03-07,BBC,Wembanyama stars in 25-point San Antonio fightback,The Spurs improved to 46-17 and are now 2.5 games behind Western Conference leaders the Oklahoma City Thunder. Slovenian star Luka Doncic scored 44 points as the Los Angeles Lakers won 128-117 at ho…,https://www.bbc.com/sport/basketball/articles/c0mgjmye2w2o
LeBron James,post_2009,2026-03-08,New York Post,Lakers’ LeBron James sidelined for Knicks game,"Lakers star LeBron James was sidelined for Sundays home game against the Knicks, the second straight game he missed after sitting out of Fridays win over the Pacers. The Lakers hoped James would be …",https://nypost.com/2026/03/08/sports/injury-update-for-lakers-lebron-james-ahead-of-knicks-game/?utm_source=yahoo&amp;utm_campaign=nypost&amp;utm_medium=referral
LeBron James,post_2009,2026-03-08,Silver Screen and Roll,JJ Redick expects LeBron James to be available vs. Knicks,"It appears LeBron James absence from the Lakers lineup will be a short one. After suffering an elbow injury against the Nuggets on Thursday, LeBron missed Fridays game against the Pacers. On Saturda…",https://www.silverscreenandroll.com/lakers-injury-report/110163/lakers-injury-report-lebron-james-elbow-contusion-status-update-nuggets-knicks
LeBron James,post_2009,2026-03-08,Yahoo Entertainment,Luka Doncic and Austin Reaves carry LeBron-less Lakers to win over Knicks,"If you click 'Accept all', we and our partners, including 246 who are part of the IAB Transparency &amp; Consent Framework, will also store and / or access information on a device (in other words, us…",https://consent.yahoo.com/v2/collectConsent?sessionId=1_cc-session_75f57dac-47f4-432f-a233-1344d51efb87
LeBron James,post_2009,2026-03-08,Yahoo Entertainment,Lakers rule out LeBron James for Sunday's Lakers-Knicks game with elbow injury,"If you click 'Accept all', we and our partners, including 246 who are part of the IAB Transparency &amp; Consent Framework, will also store and / or access information on a device (in other words, us…",https://consent.yahoo.com/v2/collectConsent?sessionId=1_cc-session_5f90b423-ce14-46a0-a79c-c54373fc442c
LeBron James,post_2009,2026-03-08,New York Post,Knicks offense completely unravels in letdown loss to LeBron James-less Lakers,"LOS ANGELES The Knicks played like they forgot about daylight saving time. Misfiring early and until it was too late in the fourth quarter, Jalen Brunsons squad finished an ugly 110-97 defeat to the…",https://nypost.com/2026/03/08/sports/knicks-offense-unravels-in-loss-to-lebron-james-less-lakers/?utm_source=yahoo&amp;utm_campaign=nypost&amp;utm_medium=referral
LeBron James,post_2009,2026-03-09,New York Post,Troubling LeBron injury news rocks Lakers ahead of playoffs,"Lakers star LeBron James remains day-to-day after not participating in Mondays practice, coach JJ Redick told reporters. LeBron James of the Los Angeles Lakers smiles during the game against the New…",https://nypost.com/2026/03/09/sports/lakers-lebron-james-doesnt-practice-remains-day-to-day/?utm_source=yahoo&amp;utm_campaign=nypost&amp;utm_medium=referral
LeBron James,post_2009,2026-03-10,Yahoo Entertainment,"LeBron James questionable vs. Wolves with right hip contusion, left foot arthritis","If you click 'Accept all', we and our partners, including 245 who are part of the IAB Transparency &amp; Consent Framework, will also store and / or access information on a device (in other words, us…",https://consent.yahoo.com/v2/collectConsent?sessionId=1_cc-session_b97beece-5222-40f5-823b-e607c0aded80
LeBron James,post_2009,2026-03-10,Yahoo Entertainment,Narrative that Lakers are better without LeBron James is bogus,"If you click 'Accept all', we and our partners, including 245 who are part of the IAB Transparency &amp; Consent Framework, will also store and / or access information on a device (in other words, us…",https://consent.yahoo.com/v2/collectConsent?sessionId=1_cc-session_d5e0a8b8-ae5c-4f56-94bd-ccce34c8dd3d
LeBron James,post_2009,2026-03-10,Yahoo Entertainment,"Luka Dončić, LeBron James and the tale of two Lakers teams","If you click 'Accept all', we and our partners, including 245 who are part of the IAB Transparency &amp; Consent Framework, will also store and / or access information on a device (in other words, us…",https://consent.yahoo.com/v2/collectConsent?sessionId=1_cc-session_c2784b78-bbab-4771-b657-6bfadf012022
LeBron James,post_2009,2026-03-10,Yahoo Entertainment,"Luka Dončić, LeBron James and the tale of two Lakers teams: Contender or also-ran?","If you click 'Accept all', we and our partners, including 245 who are part of the IAB Transparency &amp; Consent Framework, will also store and / or access information on a device (in other words, us…",https://consent.yahoo.com/v2/collectConsent?sessionId=1_cc-session_88114c25-e62a-4b63-83a7-30486cb62e5e
LeBron James,post_2009,2026-03-11,Al Jazeera,"LeBron, NBA social media react to Bam Adebayo’s historic 83-point game",Miami Heat centre Bam Adebayos 83-point performance against the Washington Wizards on Tuesday the second-highest scoring game in NBA history was a historic statistical line no one saw coming. The He…,https://www.aljazeera.com/sports/2026/3/11/lebron-nba-social-media-react-to-bam-adebayos-historic-83-point-game
LeBron James,post_2009,2026-03-11,NPR,"Bam! Heat's Adebayo scores 83 points, 2nd only to Wilt Chamberlain in NBA history","MIAMI It's Wilt, then Bam. Bam Adebayo had a night for all time on Tuesday, with a point total second to only Wilt Chamberlain in the NBA record books. Adebayo scored 83 points, setting league marks…",https://www.npr.org/2026/03/11/g-s1-113255/bam-heats-adebayo-scores-83-points-2nd-only-to-wilt-chamberlain-in-nba-history
LeBron James,post_2009,2026-03-11,Yahoo Entertainment,LeBron James will not play against Minnesota tonight,"If you click 'Accept all', we and our partners, including 245 who are part of the IAB Transparency &amp; Consent Framework, will also store and / or access information on a device (in other words, us…",https://consent.yahoo.com/v2/collectConsent?sessionId=1_cc-session_8a623760-307f-44c8-aa5e-a1f8c1851109
LeBron James,post_2009,2026-03-11,New York Post,Lakers’ LeBron James misses third straight game with multiple nagging injuries,"Lakers star LeBron James sat out of his third consecutive game on Tuesday night when the Lakers hosted the Timberwolves at Crypto.com Arena, with the team ruling him out two hours before tipoff becau…",https://nypost.com/2026/03/10/sports/lebron-james-sitting-out-of-lakers-vs-timberwolves/?utm_source=yahoo&amp;utm_campaign=nypost&amp;utm_medium=referral
LeBron James,post_2009,2026-03-12,Yahoo Entertainment,"LeBron James questionable, Marcus Smart doubtful vs. Bulls","If you click 'Accept all', we and our partners, including 245 who are part of the IAB Transparency &amp; Consent Framework, will also store and / or access information on a device (in other words, us…",https://consent.yahoo.com/v2/collectConsent?sessionId=1_cc-session_caeb78e8-d4d2-49eb-9bf3-d157a61cb925
LeBron James,post_2009,2026-03-12,Yahoo Entertainment,"Lakers’ LeBron James, Luka Doncic surprise patients at UCLA Health","If you click 'Accept all', we and our partners, including 245 who are part of the IAB Transparency &amp; Consent Framework, will also store and / or access information on a device (in other words, us…",https://consent.yahoo.com/v2/collectConsent?sessionId=1_cc-session_1c3e441f-767b-4e8f-a1f4-da8419ad622d
LeBron James,post_2009,2026-03-12,Yahoo Entertainment,"Lakers sitting multiple key role players vs. Bulls, but LeBron James could still return","If you click 'Accept all', we and our partners, including 245 who are part of the IAB Transparency &amp; Consent Framework, will also store and / or access information on a device (in other words, us…",https://consent.yahoo.com/v2/collectConsent?sessionId=1_cc-session_2b3db3f6-4354-44ac-8a69-058cf57be5c3
LeBron James,post_2009,2026-03-12,Yahoo Entertainment,Here’s blueprint for LeBron James’ return: Why Lakers still need the King — just not his crown,"If you click 'Accept all', we and our partners, including 245 who are part of the IAB Transparency &amp; Consent Framework, will also store and / or access information on a device (in other words, us…",https://consent.yahoo.com/v2/collectConsent?sessionId=1_cc-session_86c99f37-92e1-48ea-903a-0f5ca8b2ff42
LeBron James,post_2009,2026-03-13,USA Today,Is LeBron James playing tonight? Bulls vs. Lakers injury status,"Los Angeles Lakers star LeBron James is available to play Thursday night against the Chicago Bulls, the team announced shortly before tip-off. He will be in the starting lineup. James, 41, had miss…",https://www.usatoday.com/story/sports/nba/lakers/2026/03/12/lebron-james-injury-update-bull-lakers/89129667007/
LeBron James,post_2009,2026-03-13,New York Post,"Lakers historic 142-130 win over the Bulls is the perfect blueprint for Luka Doncic, LeBron James, and Austin Reaves","LeBron James must read The California Post. On Wednesday, we wrote the blueprint for how the Los Angeles Lakers needed to incorporate LeBron once he returned from injury. The Lakers need the King, …",https://nypost.com/2026/03/13/sports/lakers-142-130-win-over-the-bulls-is-the-blueprint-for-luka-doncic-lebron-james-and-austin-reaves/?utm_source=yahoo&amp;utm_campaign=nypost&amp;utm_medium=referral
LeBron James,post_2009,2026-03-13,Yahoo Entertainment,"Luka Doncic scores 51, LeBron James returns from injuries to lead Lakers past Bulls 142-130","LOS ANGELES (AP) Luka Doncic had 51 points, 10 rebounds and nine assists, LeBron James added 18 points in his return after missing three games because of injuries and the Los Angeles Lakers used a st…",https://sports.yahoo.com/articles/luka-doncic-scores-51-lebron-050532388.html
LeBron James,post_2009,2026-03-14,Yahoo Entertainment,LeBron James is ready to sacrifice to help Lakers win,"If you click 'Accept all', we and our partners, including 245 who are part of the IAB Transparency &amp; Consent Framework, will also store and / or access information on a device (in other words, us…",https://consent.yahoo.com/v2/collectConsent?sessionId=1_cc-session_4fc774dc-8e15-47fd-aad4-94a9a7cbd6f8
LeBron James,post_2009,2026-03-14,New York Post,"Luka Doncic, LeBron James headline Lakers Girl Dad Night","On a night established to celebrate fathers and daughters, it was only fitting that two Lakers stars stole the show. A sellout crowd of nearly 19,000 fans all received hats as the Lakers hosted thei…",https://nypost.com/2026/03/13/sports/luka-doncic-lebron-james-headline-lakers-girl-dad-night/?utm_source=yahoo&amp;utm_campaign=nypost&amp;utm_medium=referral
LeBron James,post_2009,2026-03-15,BBC,James praises Doncic after overtime Lakers winner,"LeBron James praised the ""generational"" talent of team-mate Luka Doncic after the Slovenian hit an overtime winner as the Los Angeles Lakers came from behind to beat the Denver Nuggets 127-125. Donc…",https://www.bbc.com/sport/basketball/articles/c15xj0pjlddo
LeBron James,post_2009,2026-03-15,BBC,James praises Doncic after overtime Lakers winner,"LeBron James praised the ""generational"" talent of team-mate Luka Doncic after the Slovenian hit an overtime winner as the Los Angeles Lakers came from behind to beat the Denver Nuggets 127-125. Donc…",https://www.bbc.com/sport/basketball/articles/c15xj0pjlddo?xtor=AL-72-%5Bpartner%5D-%5Byahoo.north.america%5D-%5Bheadline%5D-%5Bsport%5D-%5Bbizdev%5D-%5Bisapi%5D
LeBron James,post_2009,2026-03-16,Yahoo Entertainment,JJ Redick was amazed LeBron James was diving for loose balls against Nuggets,"If you click 'Accept all', we and our partners, including 245 who are part of the IAB Transparency &amp; Consent Framework, will also store and / or access information on a device (in other words, us…",https://consent.yahoo.com/v2/collectConsent?sessionId=1_cc-session_764d5359-bdf2-4d45-a207-2c9008008b5e
LeBron James,post_2009,2026-03-16,Yahoo Entertainment,LeBron James adds to legacy by embracing role player mentality for Lakers,"If you click 'Accept all', we and our partners, including 245 who are part of the IAB Transparency &amp; Consent Framework, will also store and / or access information on a device (in other words, us…",https://consent.yahoo.com/v2/collectConsent?sessionId=1_cc-session_ec10a5da-4b7b-41b4-9a49-52d9b3ea1c94
LeBron James,post_2009,2026-03-17,MacRumors,Beats Teams Up With Nike for Special-Edition Powerbeats Pro 2,"Apple's Beats brand is launching its first hardware collaboration with Nike today, debuting a new special-edition Nike-branded version of the Powerbeats Pro 2. Featuring Nike's ""Volt"" color palette w…",https://www.macrumors.com/2026/03/17/beats-nike-powerbeats-pro-2/
LeBron James,post_2009,2026-03-17,9to5Mac,Beats and Nike team up on special edition Powerbeats Pro 2,Beats and Nike are teaming up for their first-ever hardware collaboration. The new Powerbeats Pro 2 Nike Special Edition blend Beats and Nike design as part of a first-of-its-kind collaboration for A…,https://9to5mac.com/2026/03/17/beats-and-nike-team-up-on-special-edition-powerbeats-pro-2/
LeBron James,post_2009,2026-03-17,Cult of Mac,"Beats, Nike and LeBron James team up for Powerbeats Pro 2 special edition","They're the same earbuds, but Nike brings a whole lot of sporty style. Photo: Beats Two of the world’s most recognizable lifestyle and sports brands — Beats and Nike — joined forces for the first ti…",https://www.cultofmac.com/news/powerbeats-pro-2-nike-special-edition
LeBron James,post_2009,2026-03-17,Yahoo Entertainment,What does the future hold for LeBron James?,"If you click 'Accept all', we and our partners, including 247 who are part of the IAB Transparency &amp; Consent Framework, will also store and / or access information on a device (in other words, us…",https://consent.yahoo.com/v2/collectConsent?sessionId=1_cc-session_873b5017-8ffb-4c7b-8de8-81419fbc2e5d
LeBron James,post_2009,2026-03-18,New York Post,LeBron James rewards polite young fan with autograph,Good manners clearly go a long way for LeBron James. The Lakers superstar was spotted stopping in his tracks on Monday night and throwing his John Hancock on a young fans sneaker after the boy polit…,https://nypost.com/2026/03/18/sports/lebron-james-rewards-polite-young-fan-with-autograph/?utm_source=yahoo&amp;utm_campaign=nypost&amp;utm_medium=referral
LeBron James,post_2009,2026-03-19,ESPN,LeBron's 6 dunks key Lakers' 7th straight win,"HOUSTON -- As LeBron James sat in front of his locker late Wednesday, he had ice packs wrapped around his right elbow and both knees while his feet soaked in a bucket of ice. He insisted he felt ever…",https://www.espn.com/nba/story/_/id/48246814/lebron-james-6-dunks-vs-rockets-key-lakers-7th-straight-win
LeBron James,post_2009,2026-03-19,Yanko Design,"Nike x Powerbeats Pro 2 earbuds promise great design, super secure fit, and impressive audio",Earbuds are a holy grail accessory for fitness freaks who want to get in the groove to focus on their goals without outside distractions or losing out on ambient awareness when needed. Shokz OpenFit …,https://www.yankodesign.com/2026/03/19/nike-x-powerbeats-pro-2-earbuds-promise-great-design-super-secure-fit-and-impressive-audio/
LeBron James,post_2009,2026-03-19,Al Jazeera,Luka Doncic scores 40 points as Lakers defeat Rockets in NBA,Luka Doncic had 40 points and LeBron James added 30 as the Los Angeles Lakers extended their winning streak to seven games with a 124-116 away win over the Houston Rockets on Wednesday night. Its th…,https://www.aljazeera.com/sports/2026/3/19/luka-doncic-scores-40-points-as-lakers-defeat-rockets-in-nba
LeBron James,post_2009,2026-03-19,Yahoo Entertainment,Lakers win second straight over Rockets behind Luka Dončić,"If you click 'Accept all', we and our partners, including 247 who are part of the IAB Transparency &amp; Consent Framework, will also store and / or access information on a device (in other words, us…",https://consent.yahoo.com/v2/collectConsent?sessionId=1_cc-session_530fcf5c-ce54-47e8-a56d-20e91c17f8a9
LeBron James,post_2009,2026-03-19,Yahoo Entertainment,LeBron James says he has no interest in owning an NBA team in Las Vegas,"If you click 'Accept all', we and our partners, including 247 who are part of the IAB Transparency &amp; Consent Framework, will also store and / or access information on a device (in other words, us…",https://consent.yahoo.com/v2/collectConsent?sessionId=1_cc-session_2c0ceb75-e6cb-47dc-9044-1737e04da297
LeBron James,post_2009,2026-03-19,Silver Screen and Roll,"Luka Dončić, LeBron James, Austin Reaves questionable vs. Heat","While the Lakers are currently on a roll, having won seven straight games after downing the Rockets on Wednesday, earning that eighth victory might be their toughest challenge yet. The team is set t…",https://www.silverscreenandroll.com/lakers-injury-report/111355/lakers-injury-report-luka-doncic-lebron-james-austin-reaves-status-update-heat
LeBron James,post_2009,2026-03-19,Yahoo Entertainment,Luka Doncic (40 points) and LeBron James (30) lead Lakers to win over Rockets,The combination of Luka Doncic and LeBron James was overpowering and enthralling for all to see during the Lakers dynamic 124-116 win over the Houston Rockets at Toyota Center on Wednesday. Doncic w…,https://sports.yahoo.com/articles/luka-doncic-40-points-lebron-042335534.html
LeBron James,post_2009,2026-03-19,USA Today,"LeBron James, Fenway Sports Group unlikely to pursue expansion team, per report","The Fenway Sports Group, which is a business partner of LeBron James, is not expected to pursue the potential NBA Las Vegas expansion team, according to a report by The Athletic. Las Vegas and Seatt…",https://www.usatoday.com/story/sports/nba/lakers/2026/03/18/lebron-james-nba-expansion-team-las-vegas-fenway-sports-group/89221739007/
LeBron James,post_2009,2026-03-19,Yahoo Entertainment,This opponent is the ideal matchup for the Lakers in the first round of the NBA Playoffs,"If you click 'Accept all', we and our partners, including 247 who are part of the IAB Transparency &amp; Consent Framework, will also store and / or access information on a device (in other words, us…",https://consent.yahoo.com/v2/collectConsent?sessionId=1_cc-session_265582d9-1e11-4de8-bd82-a4469412a30b
LeBron James,post_2009,2026-03-19,Yahoo Entertainment,Lakers’ LeBron James gives definitive answer on NBA ownership after Las Vegas tease,"If you click 'Accept all', we and our partners, including 247 who are part of the IAB Transparency &amp; Consent Framework, will also store and / or access information on a device (in other words, us…",https://consent.yahoo.com/v2/collectConsent?sessionId=1_cc-session_c961fa90-8bb7-4dd3-927f-c5cc792b96cb
LeBron James,post_2009,2026-03-20,BBC,Doncic matches Bryant as Lakers beat Heat,Luka Doncic became the first player since Kobe Bryant to score 60 points in a game for the LA Lakers as they overcame the Miami Heat 134-126. Doncic the NBA's leading scorer this season has reached…,https://www.bbc.com/sport/basketball/articles/czex56k6p09o
LeBron James,post_2009,2026-03-20,Alltoc.com,How did Luka Doncic top 60 points vs Heat? #sports,"Doncics 60 and Lakers eighth straight win Luka Doni delivered a standout scoring performance of 60 points as the Los Angeles Lakers defeated the Miami Heat 134-126. The game was played in Miami, and…",https://alltoc.com/sports/how-did-luka-doncic-top-60-points-vs-heat
LeBron James,post_2009,2026-03-20,Yahoo Entertainment,Is LeBron James likely to play for Cavs next season?,"If you click 'Accept all', we and our partners, including 247 who are part of the IAB Transparency &amp; Consent Framework, will also store and / or access information on a device (in other words, us…",https://consent.yahoo.com/v2/collectConsent?sessionId=1_cc-session_c3727cda-dd39-49fd-837e-2a568ddfb947
LeBron James,post_2009,2026-03-20,Yahoo Entertainment,Watch Luka Doncic drop 60 on Miami Heat as Lakers win eighth in a row,"If you click 'Accept all', we and our partners, including 247 who are part of the IAB Transparency &amp; Consent Framework, will also store and / or access information on a device (in other words, us…",https://consent.yahoo.com/v2/collectConsent?sessionId=1_cc-session_dbb55aaa-0904-4a6d-b5d8-123b47145548
LeBron James,post_2009,2026-03-20,Yahoo Entertainment,Luka Doncic scores 60 and LeBron ties NBA games record in Lakers' eighth straight win,"If you click 'Accept all', we and our partners, including 247 who are part of the IAB Transparency &amp; Consent Framework, will also store and / or access information on a device (in other words, us…",https://consent.yahoo.com/v2/collectConsent?sessionId=1_cc-session_9e1b480b-5b6e-4269-8507-80e9ee61fffb
LeBron James,post_2009,2026-03-20,Yahoo Entertainment,Doncic matches Bryant as Lakers beat Heat,"If you click 'Accept all', we and our partners, including 247 who are part of the IAB Transparency &amp; Consent Framework, will also store and / or access information on a device (in other words, us…",https://consent.yahoo.com/v2/collectConsent?sessionId=1_cc-session_ea5938ce-c5d8-48f7-9fdf-6693967be7a1
LeBron James,post_2009,2026-03-20,menshealth.com,"LeBron James Can't Golf, But the Nike x Beats Earbuds Keep His Head in the Game","Earlier this week, Nike and Beats announced a first-ever collaboration: the Nike x Powerbeats Pro 2 headphones.You can shop the limited-edition volt yellow headphones starting today.…",https://www.menshealth.com/technology-gear/a70782190/nike-beats-powerbeats-pro-2-collab-2026/
LeBron James,post_2009,2026-03-20,Yahoo Entertainment,LeBron James posts triple-double while tying Robert Parish's NBA games played record,Its official. No player in NBA history has played in more regular-season games than LeBron James. The Los Angeles Lakers star tied a three-decade-old record on Thursday with his appearance in a game…,https://sports.yahoo.com/nba/article/lebron-james-posts-triple-double-while-tying-robert-parishs-nba-games-played-record-001129342.html
LeBron James,post_2009,2026-03-20,New York Post,LeBron James on narrative that Lakers are better without him: ‘They’re absolutely wrong’,LeBron James brought up the narrative on his own. Clearly it had been bothering him. He has thick skin but this penetrated it. He ignores the white noise but this broke through. Are the Lakers bett…,https://nypost.com/2026/03/20/sports/lebron-james-shined-against-the-heat-in-back-to-back/?utm_source=yahoo&amp;utm_campaign=nypost&amp;utm_medium=referral
LeBron James,post_2009,2026-03-21,Silver Screen and Roll,LeBron James’ versatility is fueling his downsized role,"If the biggest talking point from the Lakers current 8-game winning streak is the unrelenting brilliance of Luka Doni as he scorches every defense in his path, the second most discussed topic is LeBr…",https://www.silverscreenandroll.com/lakers-analysis/111511/lebron-james-lakers-luka-doncic-jj-redick-role-offense-defense
LeBron James,post_2009,2026-03-21,Yahoo Entertainment,LeBron James is motivating his teammates just by continually being available,"If you click 'Accept all', we and our partners, including 247 who are part of the IAB Transparency &amp; Consent Framework, will also store and / or access information on a device (in other words, us…",https://consent.yahoo.com/v2/collectConsent?sessionId=1_cc-session_0bfbfa0d-9032-45ad-bfb0-811759715a5d
LeBron James,post_2009,2026-03-21,Yahoo Entertainment,LeBron James breaks record for most games ever played in NBA,"If you click 'Accept all', we and our partners, including 247 who are part of the IAB Transparency &amp; Consent Framework, will also store and / or access information on a device (in other words, us…",https://consent.yahoo.com/v2/collectConsent?sessionId=1_cc-session_532ae42d-28fb-4eac-8f31-3df01f9ea31d
LeBron James,post_2009,2026-03-21,Yahoo Entertainment,"LeBron James breaks Robert Parish's record, becomes NBA's all-time games played leader",No player in NBA history has played in more games than LeBron James. Or scored more points. Or made more All-Star teams. We could go on. The Los Angeles Lakers star broke his latest record on Saturd…,https://sports.yahoo.com/nba/article/lebron-james-breaks-robert-parishs-record-becomes-nbas-all-time-games-played-leader-231259435.html
LeBron James,post_2009,2026-03-22,BBC,James sets NBA appearance record in late Lakers win,"James - who is the first player to take part in 23 consecutive NBA seasons and is also the NBA's record points scorer - contributed 12 points, six rebounds, four assists and three steals as the Laker…",https://www.bbc.com/sport/basketball/articles/ckgwmwgg377o
LeBron James,post_2009,2026-03-22,CBS News,LeBron James breaks NBA mark for games played in Lakers' win over Magic,"LeBron James broke the NBA record for games played in the Lakers' win over the Orlando Magic on Saturday, passing Robert Parish with 1,612 career games. He may be running out of records to chase soo…",https://www.cbsnews.com/losangeles/news/lebron-james-breaks-nba-mark-for-games-played-in-lakers-win-over-magic/
LeBron James,post_2009,2026-03-22,CBS Sports,Kevin Durant passes Michael Jordan for fifth all-time in NBA scoring: How high can he go before retirement?,Kevin Durant is now fifth on the all-time scoring list after passing Michael Jordan in the Rockets' 123-122 win against the Miami Heat Saturday night. He entered the game 25 points away from tying Jo…,https://www.cbssports.com/nba/news/kevin-durant-nba-scoring-record-michael-jordan/
LeBron James,post_2009,2026-03-22,Yahoo Entertainment,James sets NBA appearance record in late Lakers win,"If you click 'Accept all', we and our partners, including 247 who are part of the IAB Transparency &amp; Consent Framework, will also store and / or access information on a device (in other words, us…",https://consent.yahoo.com/v2/collectConsent?sessionId=1_cc-session_6840af2b-6bf3-4791-a7e7-9113b23be00f
LeBron James,post_2009,2026-03-23,Yahoo Entertainment,Has LeBron James played his way back into the Lakers’ future plans?,"If you click 'Accept all', we and our partners, including 247 who are part of the IAB Transparency &amp; Consent Framework, will also store and / or access information on a device (in other words, us…",https://consent.yahoo.com/v2/collectConsent?sessionId=1_cc-session_4eea4668-7728-47b5-9c90-70da5d54ddfa
LeBron James,post_2009,2026-03-23,Yahoo Entertainment,NBA execs believe Warriors are one of two most likely LeBron James destinations,"If you click 'Accept all', we and our partners, including 247 who are part of the IAB Transparency &amp; Consent Framework, will also store and / or access information on a device (in other words, us…",https://consent.yahoo.com/v2/collectConsent?sessionId=1_cc-session_de0bb6b1-ef3a-496d-80cc-53c094fa9162
LeBron James,post_2009,2026-03-23,Vanity Fair,LeBron James Is on “a Hell of a Ride.” Now He’s Got a New Maybach for the Journey.,James worked directly with the Mercedes-Maybach Manufaktur Made to Measure individual customization atelier at corporate headquarters in Stuttgart to make the car his own. (Such services are availabl…,https://www.vanityfair.com/style/story/lebron-james-personalized-mercedes-maybach
LeBron James,post_2009,2026-03-23,Fear the Sword,NBA Rumors: Is LeBron James better off in Cleveland or Los Angeles?,"The Los Angeles Lakers are in the middle of a nine-game winning streak. LeBron James, during this stretch, is thriving as the second-fiddle for the first time in his life. Transitioning into a play-f…",https://www.fearthesword.com/cavs-analysis/46966/nba-rumors-is-lebron-james-better-off-in-cleveland-or-los-angeles
LeBron James,post_2009,2026-03-24,Yahoo Entertainment,LeBron James on turning in scoreless first half in Lakers' loss to Pistons: 'It's the role that I'm playing',"Things looked pretty bleak for the Los Angeles Lakers early in Mondays game vs. the Detroit Pistons. By halftime, the team trailed 65-52, and star LeBron James had yet to put a single point on the bo…",https://sports.yahoo.com/nba/article/lebron-james-on-turning-in-scoreless-first-half-in-lakers-loss-to-pistons-its-the-role-that-im-playing-124410495.html
LeBron James,post_2009,2026-03-24,Yahoo Entertainment,"Pistons snapped Lakers’ 9-game winnings streak, but vibes remain great","If you click 'Accept all', we and our partners, including 251 who are part of the IAB Transparency &amp; Consent Framework, will also store and / or access information on a device (in other words, us…",https://consent.yahoo.com/v2/collectConsent?sessionId=1_cc-session_9bafd31c-7689-4cc8-9169-1f112aa12a47
LeBron James,post_2009,2026-03-24,Silver Screen and Roll,All the best moments of LeBron James’ podcast with Austin Reaves,"There are few things Austin Reaves is more willing to do than appear on a fellow Lakers podcast. Reaves was a frequent guest on DAngelo Russells podcast, appeared on JJ Redicks podcast prior to him …",https://www.silverscreenandroll.com/lakers-news/111779/lebron-james-austin-reaves-lakers-podcast-steve-nash-mind-the-game-recap-summary
LeBron James,post_2009,2026-03-26,PetaPixel,Caitlin Clark Picks up the Camera and Captures LeBron James at NBA Game,"Caitlin Clark has become the latest sports star to pick up a camera and try capturing the action instead of being in it, appearing last night at an NBA basketball game. A high-profile basketball pl…",https://petapixel.com/2026/03/26/caitlin-clark-picks-up-the-camera-and-captures-lebron-james-at-nba-game/
Stephen Curry,post_2009,2026-03-01,Yahoo Entertainment,Stephen Curry says he'll be out 'a little longer' with 'unpredictable' knee rehab,"If you click 'Accept all', we and our partners, including 246 who are part of the IAB Transparency &amp; Consent Framework, will also store and / or access information on a device (in other words, us…",https://consent.yahoo.com/v2/collectConsent?sessionId=1_cc-session_5ebb42cc-6f8a-447c-af32-6ff6a982a5bf
Stephen Curry,post_2009,2026-03-01,USA Today,Warriors' Stephen Curry sends warning to NBA as playoffs near,"The Golden State Warriors have been operating with a patchwork rotation in recent weeks. Steve Kerr has been without Stephen Curry, Jimmy Butler, Kristaps Porzingis, Draymond Green and Seth Curry at …",https://warriorswire.usatoday.com/story/sports/nba/warriors/2026/02/28/warriors-stephen-curry-sends-warning-to-nba-as-playoffs-near/88930892007/
Stephen Curry,post_2009,2026-03-01,Yahoo Entertainment,Stephen Curry on right knee rehab: It's going to be a little longer,"If you click 'Accept all', we and our partners, including 246 who are part of the IAB Transparency &amp; Consent Framework, will also store and / or access information on a device (in other words, us…",https://consent.yahoo.com/v2/collectConsent?sessionId=1_cc-session_17000f11-5170-4273-bc1b-c27abc7566be
Stephen Curry,post_2009,2026-03-01,USA Today,Warriors' Stephen Curry provides health update after Lakers loss,"Stephen Curry has missed the last 10 straight games for the Golden State Warriors. The veteran sharpshooter is dealing with a knee issue. He is scheduled for re-evaluation on Sunday, March 1. Golden …",https://warriorswire.usatoday.com/story/sports/nba/warriors/2026/02/28/warriors-stephen-curry-provides-health-update-after-lakers-loss/88930460007/
Stephen Curry,post_2009,2026-03-01,Yahoo Entertainment,"Warriors no match for Lakers as LeBron James, Luka Doncic share spotlight in win at Chase Center","If you click 'Accept all', we and our partners, including 246 who are part of the IAB Transparency &amp; Consent Framework, will also store and / or access information on a device (in other words, us…",https://consent.yahoo.com/v2/collectConsent?sessionId=1_cc-session_022709fc-6166-4884-8e14-a911afdedbcd
Stephen Curry,post_2009,2026-03-01,Deadline,"‘Scream 7’ Record Loud, But ‘Pegasus 3’ Zooms Past Half Billion, ‘Wuthering Heights’ Nears $200M WW, ‘Hamnet’ Hits $93M+ WW – Global Box Office",Paramount/Spyglass’ Scream 7scored the best opening year to date for a Hollywood movie with $97.2M at the global weekend box office. As we told you there were myriad records broken for both a Paramou…,http://deadline.com/2026/03/box-office-scream-7-pegasus-3-wuthering-heights-1236740458/
Stephen Curry,post_2009,2026-03-01,Golden State of Mind,Final Score: Lakers win over Warriors 129-101 on Luka’s birthday,"Listen, there are losses you see coming, and then there are losses that still somehow feel like catching a stray. The Golden State Warriors fell 129-101 to the Los Angeles Lakers Friday night, and ho…",https://www.goldenstateofmind.com/general/108871/final-score-lakers-win-over-warriors-129-101-on-lukas-birthday
Stephen Curry,post_2009,2026-03-02,NBCSports.com,Stephen Curry to miss at least five more games with knee issue,"Stephen Curry said Saturday he would be out a little longer with the runner's knee issue officially patella-femoral pain syndrome/bone bruising that he called ""unpredictable."" That turns out to be a…",https://www.nbcsports.com/nba/news/stephen-curry-to-miss-at-least-five-more-games-with-knee-issue
Stephen Curry,post_2009,2026-03-02,Yahoo Entertainment,"Without Stephen Curry, the Warriors are just trying to stay alive","When Jimmy Butler went down for the season, the Golden State Warriors were in eighth place in the Western Conference, 2.5 games out of a top-six spot and five games clear of 11th place, smack in the …",https://sports.yahoo.com/nba/breaking-news/article/without-stephen-curry-the-warriors-are-just-trying-to-stay-alive-184817262.html
Stephen Curry,post_2009,2026-03-02,CBS Sports,"Warriors will be without Stephen Curry for at least 10 more days, but at this point does it really matter?","It's hard to give up on a Stephen Curry team. When this season started, the Warriors were regarded by many as at least a fringe contender in the Western Conference. It was a supportable position to t…",https://www.cbssports.com/nba/news/stephen-curry-injury-update-warriors-kristaps-porzingis-playoff-odds/
Stephen Curry,post_2009,2026-03-02,"HITC - Football, Gaming, Movies, TV, Music",Stephen Curry looked frustrated seeing Draymond Green crash out during Golden State Warriors timeout,Stephen Curry seemed irritated as Draymond Green vented during a Golden State Warriors timeout in their defeat to the Los Angeles Lakers. The sequence took place in Saturdays 129-101 loss at Chase C…,https://www.hitc.com/stephen-curry-looked-frustrated-seeing-draymond-green-crash-out-during-golden-state-warriors-timeout/
Stephen Curry,post_2009,2026-03-02,Yahoo Entertainment,"Steph Curry will be sidelined at least 10 more days, missing the next five games","Golden State guard Stephen Curry will be out at least 10 more days, according to the team's injury update. Curry last played on Jan. 30 and has missed the last 10 games with patellofemoral pain syndr…",https://sports.yahoo.com/nba/breaking-news/article/steph-curry-will-be-sidelined-at-least-10-more-days-missing-the-next-five-games-004150985.html
Stephen Curry,post_2009,2026-03-02,Yahoo Entertainment,"Clippers vs Warriors Prediction, Picks & Odds for Tonight’s NBA Game","If you click 'Accept all', we and our partners, including 246 who are part of the IAB Transparency &amp; Consent Framework, will also store and / or access information on a device (in other words, us…",https://consent.yahoo.com/v2/collectConsent?sessionId=1_cc-session_9c9a95dc-add2-4e8f-b566-27f5d07144de
Stephen Curry,post_2009,2026-03-02,San Francisco Chronicle,Warriors' Steph Curry remains in limbo pending another re-evaluation in 10 days,"One 10-day re-evaluation for Stephen Curry down, another one to come this month. The Golden State Warriors' star guard is set to miss the next five games with right kneecap soreness - termed as runn…",https://www.sfchronicle.com/sports/warriors/article/warriors-steph-curry-remains-limbo-pending-21948919.php
Stephen Curry,post_2009,2026-03-02,Yahoo Entertainment,"Steph Curry will be sidelined at least 10 more days, missing the next 5 games","Golden State guard Stephen Curry will be out at least 10 more days, according to the team's injury update. Curry last played on Jan. 30 and has missed the last 10 games with patellofemoral pain syndr…",https://sports.yahoo.com/nba/breaking-news/article/steph-curry-will-be-sidelined-at-least-10-more-days-missing-the-next-5-games-004150109.html
Stephen Curry,post_2009,2026-03-02,Yahoo Entertainment,"Without Stephen Curry, the Warriors are just trying to stay alive","When Jimmy Butler went down for the season, the Golden State Warriors were in eighth place in the Western Conference, 2.5 games out of a top-six spot and five games clear of 11th place, smack in the …",https://sports.yahoo.com/nba/article/without-stephen-curry-the-warriors-are-just-trying-to-stay-alive-184817262.html
Stephen Curry,post_2009,2026-03-02,Golden State of Mind,How to watch Warriors vs. Clippers,The Golden State Warriors will host another Southern California rival as they take on the Clippers on Monday night. The game will be played at 7:00 PM PT in San Francisco and can be watched on Peacoc…,https://www.goldenstateofmind.com/warriors-game-previews/108910/how-to-watch-warriors-vs-clippers
Stephen Curry,post_2009,2026-03-03,USA Today,"Sources: Stephen Curry, Draymond Green will 'heavily recruit' LeBron","It seems that if LeBron James decides to continue playing in the NBA past this season but wants to leave the Los Angeles Lakers, the only truly logical destination for him would be the Cleveland Cava…",https://lebronwire.usatoday.com/story/sports/nba/lebron/2026/03/03/sources-stephen-curry-draymond-green-will-heavily-recruit-lebron/88956688007/
Stephen Curry,post_2009,2026-03-03,"HITC - Football, Gaming, Movies, TV, Music",Stephen Curry and Draymond Green will ‘heavily’ recruit LeBron James to Golden State Warriors,Stephen Curry and Draymond Green are reportedly preparing to make a strong push to recruit LeBron James to the Golden State Warriors in free agency. James is poised to enter unrestricted free agency…,https://www.hitc.com/stephen-curry-and-draymond-green-will-heavily-recruit-lebron-james-to-golden-state-warriors/
Stephen Curry,post_2009,2026-03-03,Yahoo Entertainment,We now know real reason Warriors didn't pair Stephen Curry with Lonzo Ball via buyout,"If you click 'Accept all', we and our partners, including 246 who are part of the IAB Transparency &amp; Consent Framework, will also store and / or access information on a device (in other words, us…",https://consent.yahoo.com/v2/collectConsent?sessionId=1_cc-session_a99271b1-5c17-49c9-abb0-a581471b8623
Stephen Curry,post_2009,2026-03-03,Yahoo Entertainment,Kawhi Leonard scores 23 points and Clippers rally from 17-point deficit to beat Warriors 114-101,"SAN FRANCISCO (AP) Kawhi Leonard had 23 points, eight rebounds and four assists, and the Los Angeles Clippers erased a 17-point deficit to beat the short-handed Golden State Warriors 114-101 on Monda…",https://sports.yahoo.com/articles/kawhi-leonard-scores-23-points-054502638.html
Stephen Curry,post_2009,2026-03-04,Just Jared,Kyrie Irving Publicly Pitches to Recruit Steph Curry to ANTA Footwear,Kyrie Irving is openly making his pitch for Stephen Curry to join him at ANTA footwear brand. The Dallas Mavericks star recently spoke about the possibility of the Golden State Warriors guard signin…,https://www.justjared.com/2026/03/04/kyrie-irving-publicly-pitches-to-recruit-steph-curry-to-anta-footwear/
Stephen Curry,post_2009,2026-03-04,NBCSports.com,"Will Steve Kerr coach the Warriors next season? GM Dunleavy says, 'I don’t see why not'","Steve Kerr is in the final year of his contract, but he's not exactly stressing about it. After a dozen years and four rings coaching Stephen Curry and the Golden State Warriors, Kerr's reaction when…",https://www.nbcsports.com/nba/news/will-steve-kerr-coach-the-warriors-next-season-gm-dunleavy-says-i-dont-see-why-not
Stephen Curry,post_2009,2026-03-05,The Sportsrush,"Steve Kerr Defends Brandon Podziemski’s Place in Warriors’ Rotation, Says “He’s Still Finding His Way”","The Golden State Warriors season continues to unravel in the absence of Stephen Curry, and the way the current offense runs has left fans frustrated. Although occasional box scores go in favor of you…",https://thesportsrush.com/nba-news-steve-kerr-defends-brandon-podziemskis-place-in-warriors-rotation-says-hes-still-finding-his-way/
Stephen Curry,post_2009,2026-03-06,Yahoo Entertainment,Brandin Podziemski's OT spree helps undermanned Warriors top Rockets,"If you click 'Accept all', we and our partners, including 246 who are part of the IAB Transparency &amp; Consent Framework, will also store and / or access information on a device (in other words, us…",https://consent.yahoo.com/v2/collectConsent?sessionId=1_cc-session_713cebf7-0d9c-4abb-8edd-2e2686945385
Stephen Curry,post_2009,2026-03-07,Golden State of Mind,How to watch Warriors vs. Thunder,The Golden State Warriors face another tough road test with Saturday nights primetime matchup against the Oklahoma City Thunder. Tip-off is scheduled for 5:30 PM PT in Oklahoma City and will be broad…,https://www.goldenstateofmind.com/warriors-game-previews/109023/how-to-watch-warriors-vs-thunder
Stephen Curry,post_2009,2026-03-08,BBC,Gilgeous-Alexander closes in on Chamberlain record,"Victory at Paycom Center was the Thunder's fifth in a row. They became the first side to 50 wins this season and sit top of the Western Conference. Gilgeous-Alexander said: ""If we were the best team…",https://www.bbc.com/sport/basketball/articles/c24d2l075epo
Stephen Curry,post_2009,2026-03-08,Golden State of Mind,Final Score: Warriors lose to Thunder 104-97 in Oklahoma City,"The Golden State Warriors lost to the reigning defending champion Oklahoma City Thunder tonight on the road, 104-97. They also missed seven free throws, egads! You can sit with that math however you…",https://www.goldenstateofmind.com/warriors-game-previews/109046/final-score-warriors-lose-to-thunder-104-97-in-oklahoma-city
Stephen Curry,post_2009,2026-03-08,Yahoo Entertainment,Utah plays Golden State on 4-game home slide,"Golden State Warriors (32-31, eighth in the Western Conference) vs. Utah Jazz (19-45, 14th in the Western Conference) Salt Lake City; Monday, 9 p.m. EDT BOTTOM LINE: Utah is looking to break its fo…",https://sports.yahoo.com/articles/utah-plays-golden-state-4-072320510.html
Stephen Curry,post_2009,2026-03-09,CBS Sports,Could LeBron James finish his career alongside Stephen Curry? Why a pairing feels more possible than ever,"Very few legends go out on top. John Elway and Peyton Manning did it, each winning a championship with the Broncos in their final season. Michael Jordan tried to do it, hitting the game-winning jumpe…",https://www.cbssports.com/nba/news/lebron-james-stephen-curry-rumors-pairing/
Stephen Curry,post_2009,2026-03-10,Yahoo Entertainment,"Sensabaugh scores 21, Hinson makes go-ahead 3 as depleted Jazz stun Warriors, 119-116","SALT LAKE CITY (AP) Brice Sensabaugh scored 21 points, two-way player Blake Hinson made the go-ahead 3-pointer in the final minute, and the depleted Utah Jazz outlasted the ailing Golden State Warrio…",https://sports.yahoo.com/articles/sensabaugh-scores-21-hinson-makes-040151769.html
Stephen Curry,post_2009,2026-03-11,Yahoo Entertainment,"Stephen Curry begins on-court work, but will miss another 5 games for Warriors","Stephen Curry still isnt coming through that door for the Golden State Warriors. The former MVP will miss at least another 10 days due to a persistent knee issue, according to ESPN. That guarantees …",https://sports.yahoo.com/mlb/article/stephen-curry-begins-on-court-work-but-will-miss-another-5-games-for-warriors-193052361.html
Stephen Curry,post_2009,2026-03-11,Yahoo Entertainment,"Stephen Curry begins on-court work, but will miss another 5 games for Warriors","Stephen Curry still isnt coming through that door for the Golden State Warriors. The former MVP will miss at least another 10 days due to a persistent knee issue, the team announced Wednesday, descr…",https://sports.yahoo.com/nba/article/stephen-curry-begins-on-court-work-but-will-miss-another-5-games-for-warriors-193052361.html
Stephen Curry,post_2009,2026-03-11,Yahoo Entertainment,Stephen Curry to miss at least another 10 days for Warriors because of right knee injury,"If you click 'Accept all', we and our partners, including 245 who are part of the IAB Transparency &amp; Consent Framework, will also store and / or access information on a device (in other words, us…",https://consent.yahoo.com/v2/collectConsent?sessionId=1_cc-session_94d4f11a-0d20-40c5-8e3a-717cceca79d4
Stephen Curry,post_2009,2026-03-11,NBCSports.com,Stephen Curry reportedly out another 10 days with lingering knee issue,Stephen Curry has missed 15 games due to patella-femoral pain syndrome/bone bruising commonly called runner's knee and in that stretch the Warriors have gone 5-10 and slid to ninth in the Western Con…,https://www.nbcsports.com/nba/news/stephen-curry-reportedly-out-another-10-days-with-lingering-knee-issue
Stephen Curry,post_2009,2026-03-11,Yahoo Entertainment,Stephen Curry knee issue described as 'unpredictable',"If you click 'Accept all', we and our partners, including 245 who are part of the IAB Transparency &amp; Consent Framework, will also store and / or access information on a device (in other words, us…",https://consent.yahoo.com/v2/collectConsent?sessionId=1_cc-session_49d2f3a0-76df-4cd7-a0f1-eb74af8c8c26
Stephen Curry,post_2009,2026-03-11,USA Today,Warriors issue Stephen Curry injury update: What does it mean?,"The Golden State Warriors have lost three consecutive games and 10 of 15 since All-Star guard Stephen Curry went down with a right knee injury. The team, for at least the short term, will continue t…",https://www.usatoday.com/story/sports/nba/warriors/2026/03/11/stephen-curry-injury-update-warriors-knee-status/89106104007/
Stephen Curry,post_2009,2026-03-11,New York Post,Warriors rule out Curry for at least five more games with knee issue,"The Warriors will be without Steph Curry for at least five more games. Curry is making good progress in his recovery from patella-femoral pain syndrome, commonly known as runners knee, according to …",https://nypost.com/2026/03/11/sports/warriors-curry-knee-ruled-out-for-at-least-5-more-games/?utm_source=yahoo&amp;utm_campaign=nypost&amp;utm_medium=referral
Stephen Curry,post_2009,2026-03-11,Yahoo Entertainment,"Buzelis scores career-high 41 points and hits key 3-pointer in overtime, Bulls beat Warriors 130-124","SAN FRANCISCO (AP) Matas Buzelis scored a career-high 41 points and hit a key 3-pointer with 2:20 left in overtime, Josh Giddey had a triple-double of 21 points, 17 assists and 13 rebounds, and the C…",https://sports.yahoo.com/articles/buzelis-scores-career-high-41-045421203.html
Stephen Curry,post_2009,2026-03-12,Harvard Business Review,How to Turn Individual Talent into Organizational Excellence,"At the start of 2026, the CEO of a financial services firm sent a firmwide email that included a clip of NBA star Stephen Curry taking an almost full-court shot. The ball drops cleanly through the ne…",https://hbr.org/2026/03/how-to-turn-individual-talent-into-organizational-excellence
Stephen Curry,post_2009,2026-03-12,USA Today,Warriors' Steve Kerr Reveals Stephen Curry's Frustration Over Injury,We haven't seen Stephen Curry in the Golden State Warriors' rotation since the team's Jan. 30 loss to the Detroit Pistons. The veteran sharpshooter is dealing with a persistent knee issue. He has mis…,https://warriorswire.usatoday.com/story/sports/nba/warriors/2026/03/12/steve-kerr-reveals-stephen-currys-frustration-over-injury/89125663007/
Stephen Curry,post_2009,2026-03-12,USA Today,"Warriors' Stephen Curry ""Extremely Motivated"" For Return From Injury","On Wednesday, March 11, the Golden State Warriors announced that Stephen Curry would miss a further 10 days due to a persistent knee issue. The veteran guard has already been sidelined for the Warrio…",https://warriorswire.usatoday.com/story/sports/nba/warriors/2026/03/12/stephen-curry-extremely-motivated-for-return-from-injury/89126301007/
Stephen Curry,post_2009,2026-03-12,Yahoo Entertainment,Steve Kerr Reveals Steph Curry’s Frustration at Prolonged Knee Recovery,"If you click 'Accept all', we and our partners, including 245 who are part of the IAB Transparency &amp; Consent Framework, will also store and / or access information on a device (in other words, us…",https://consent.yahoo.com/v2/collectConsent?sessionId=1_cc-session_3ab392f1-ec3b-4e6d-8db8-ecbd8ebf2e25
Stephen Curry,post_2009,2026-03-12,New York Post,Knicks come up big after ‘get our s–t together’ halftime challenge,"SALT LAKE CITY There was no sugarcoating an ugly first-half performance from the Knicks in the locker room, and the harsh words during the break helped spur a comeback in Wednesdays 134-117 victory o…",https://nypost.com/2026/03/12/sports/knicks-come-up-big-after-get-our-s-t-together-halftime-challenge/?utm_source=yahoo&amp;utm_campaign=nypost&amp;utm_medium=referral
Stephen Curry,post_2009,2026-03-13,Golden State of Mind,Kristaps Porziņģis eager to play with a healthy Stephen Curry,"The Golden State Warriors are still waiting to see what they look like at full strength, but Kristaps Porziis already knows that one pairing in particular could change the team completely: sharing th…",https://www.goldenstateofmind.com/warriors-news/109141/dub-hub-kristaps-porzingis-eager-to-play-with-stephen-curry-as-warriors-await-his-return-from-knee-injury
Stephen Curry,post_2009,2026-03-13,Nbcsportsbayarea.com,"Injury-ravaged, free-falling Warriors take even more hits in loss to Timberwolves","Injury-ravaged, free-falling Warriors take even more hits in loss to Timberwolves originally appeared on NBC Sports Bay Area SAN FRANCISCO Like the Billboard R&amp;B Top 100 List, the hits keep com…",https://www.nbcsportsbayarea.com/nba/golden-state-warriors/al-horford-seth-curry-injuries/1923950/?partner=yahoo
Stephen Curry,post_2009,2026-03-14,USA Today,Warriors ‘fear’ Stephen Curry knee injury could worsen if he returns,"Stephen Curry's knee injury continues to linger. The Golden State Warriors' superstar has already missed 16 consecutive games, and won't be re-evaluated until after the team's East Coast road trip th…",https://warriorswire.usatoday.com/story/sports/nba/warriors/2026/03/14/warriors-fear-stephen-curry-knee-injury-could-worsen-if-he-returns/89151858007/
Stephen Curry,post_2009,2026-03-14,Yahoo Entertainment,"Warriors' tailspin continues as Al Horford, Seth Curry will be out vs. Knicks: 'We're going through it'",Injuries continue to ravage the Golden State Warriors after the team lost four more players Friday night during their 127-117 loss to the Minnesota Timberwolves. Lower back soreness knocked out Dray…,https://sports.yahoo.com/nba/article/warriors-tailspin-continues-as-al-horford-seth-curry-will-be-out-vs-knicks-were-going-through-it-140759643.html
Stephen Curry,post_2009,2026-03-14,Yahoo Entertainment,"Warriors sign 6-foot-11 former Thunder, Heat center to assist Stephen Curry","If you click 'Accept all', we and our partners, including 245 who are part of the IAB Transparency &amp; Consent Framework, will also store and / or access information on a device (in other words, us…",https://consent.yahoo.com/v2/collectConsent?sessionId=1_cc-session_8825bf62-b8d7-4c83-a0a8-b60af63312fa
Stephen Curry,post_2009,2026-03-14,Yahoo Entertainment,Anthony Edwards' 42 points lead Timberwolves to 127-117 win against undermanned Warriors,"SAN FRANCISCO (AP) Anthony Edwards scored 42 points and the Minnesota Timberwolves held off the injury-plagued Golden State Warriors 127-117 on Friday night. Edwards shot 13 for 22, made all 12 of h…",https://sports.yahoo.com/articles/anthony-edwards-42-points-lead-044147763.html
Stephen Curry,post_2009,2026-03-15,Golden State of Mind,How to watch Warriors vs. Knicks,The Golden State Warriors begin their six-game road trip with Sundays matchup against the New York Knicks. The game is scheduled to be played at 5:00 PM PT in New York City and can be watched on NBC …,https://www.goldenstateofmind.com/warriors-game-previews/109175/how-to-watch-warriors-vs-knicks
Stephen Curry,post_2009,2026-03-16,CBS Sports,"Warriors' Stephen Curry wants to return this season, reiterates he's 'working to get back'","Stephen Curry still wants to play this season. The Golden State Warriors superstar, who has been dealing with runner's knee and hasn't played since Jan. 30, reiterated after their 110-107 loss agains…",https://www.cbssports.com/nba/news/warriors-stephen-curry-injury-timeline-return/
Stephen Curry,post_2009,2026-03-16,Yahoo Entertainment,"Stephen Curry traveling on road trip with the Warriors, who lose 2 more players for at least a week","NEW YORK (AP) Stephen Curry is traveling with Golden State on its road trip, which is the closest the Warriors get to good injury news these days. Curry missed his 17th consecutive game Sunday night…",https://sports.yahoo.com/articles/stephen-curry-traveling-road-trip-002421273.html
Stephen Curry,post_2009,2026-03-16,Yahoo Entertainment,Warriors' Steve Kerr provides encouraging Stephen Curry update,"If you click 'Accept all', we and our partners, including 245 who are part of the IAB Transparency &amp; Consent Framework, will also store and / or access information on a device (in other words, us…",https://consent.yahoo.com/v2/collectConsent?sessionId=1_cc-session_753d0b96-f1e5-4e61-8be1-8b09f13f1054
Stephen Curry,post_2009,2026-03-16,Yahoo Entertainment,Knicks rally from a 21-point deficit and beat the short-handed Warriors 110-107,"NEW YORK (AP) Jalen Brunson had 30 points and nine assists, and the New York Knicks rallied from a 21-point deficit against a patchwork Golden State lineup to beat the Warriors 110-107 on Sunday nigh…",https://sports.yahoo.com/articles/knicks-rally-21-point-deficit-030029112.html
Stephen Curry,post_2009,2026-03-16,New York Post,Steve Kerr says Steph Curry will ‘for sure’ be back this season,"Theres no doubt in Steve Kerrs mind that Steph Curry will return this season. We expect him back, the Warriors coach told NBCs Bob Costas in an on-court interview before their 110-107 loss to the Kn…",https://nypost.com/2026/03/16/sports/warriors-kerr-steph-curry-for-sure-returning-this-season/?utm_source=yahoo&amp;utm_campaign=nypost&amp;utm_medium=referral
Stephen Curry,post_2009,2026-03-16,Pounding The Rock,Open Thread: How the the rest of the NBA views Wemby,"Recently, Jaylen Brown referred to himself as the best two-way player in the game. But he added a caveat when considering Victor Wembanyama in the league. That boy Wemby is a problem, a big problem.…",https://www.poundingtherock.com/spurs-discussion-threads/97319/open-thread-how-the-the-rest-of-the-nba-views-wemby
Stephen Curry,post_2009,2026-03-17,Deadline,Sony Pictures & Macro Film Studios Ink Multiyear First-Look & Co-Financing Pact,"EXCLUSIVE: Sony Pictures and Macro Film Studios have closed a multiyear exclusive first-look, co-financing and distribution agreement. Under the deal, Sony Pictures will have an exclusive first look…",http://deadline.com/2026/03/sony-macro-1236757669/
Stephen Curry,post_2009,2026-03-17,Yahoo Entertainment,"Kerr earns 600th win, and Golden State hands Wizards their 12th straight loss","WASHINGTON (AP) Kristaps Porzingis scored 30 points, DeAnthony Melton added 27 and the Golden State Warriors snapped a five-game losing streak with a 125-117 victory over the Washington Wizards on Mo…",https://sports.yahoo.com/articles/kerr-earns-600th-win-golden-030848562.html
Stephen Curry,post_2009,2026-03-17,Yahoo Entertainment,Kristaps Porzingis calls new teammate Stephen Curry ‘the GOAT’,"If you click 'Accept all', we and our partners, including 247 who are part of the IAB Transparency &amp; Consent Framework, will also store and / or access information on a device (in other words, us…",https://consent.yahoo.com/v2/collectConsent?sessionId=1_cc-session_02131c16-e42d-4b54-b286-c418b53b8adf
Stephen Curry,post_2009,2026-03-17,Yahoo Entertainment,"Golden State snaps a 5-game skid and hands the Wizards their 12th loss in a row, 125-117","If you click 'Accept all', we and our partners, including 245 who are part of the IAB Transparency &amp; Consent Framework, will also store and / or access information on a device (in other words, us…",https://consent.yahoo.com/v2/collectConsent?sessionId=1_cc-session_12bc6bb8-7726-4ada-b70a-ab1042669a91
Stephen Curry,post_2009,2026-03-18,CBS Sports,Why the Warriors need to keep Stephen Curry on the shelf and officially embrace the tank,"The Golden State Warriors have been soft tanking for a while, but they won't tell you that. They definitely didn't start out doing it intentionally, and truth be told, they're probably still not. The…",https://www.cbssports.com/nba/news/stephen-curry-injury-warriors-tank-nba-draft-lottery/
Stephen Curry,post_2009,2026-03-18,Nbcsportsbayarea.com,Warriors reportedly optimistic Steph Curry will return before end of the month,"Warriors reportedly optimistic Steph Curry will return before end of the month originally appeared on NBC Sports Bay Area Steph Curry might be nearing a return to the court. The Warriors superstar,…",https://www.nbcsportsbayarea.com/nba/golden-state-warriors/steph-curry-return-knee-injury/1924823/?partner=yahoo
Stephen Curry,post_2009,2026-03-18,Yahoo Entertainment,Is Steph Curry playing today? How much longer will he be out?,"If you click 'Accept all', we and our partners, including 247 who are part of the IAB Transparency &amp; Consent Framework, will also store and / or access information on a device (in other words, us…",https://consent.yahoo.com/v2/collectConsent?sessionId=1_cc-session_69262fe5-3a20-4640-a867-0ef432cd7de2
Stephen Curry,post_2009,2026-03-18,Yahoo Entertainment,Coach Bob McKillop reveals the foundation of his relationship with Dell Curry,"Davidson Head Coach Bob McKillop first met Dell Curry on a youth baseball field years before recruiting his son, Stephen Curry, to play college basketball. The relationship began when their sons wer…",https://sports.yahoo.com/articles/coach-bob-mckillop-reveals-foundation-233224124.html
Stephen Curry,post_2009,2026-03-18,San Francisco Chronicle,Steph Curry works out pregame for Warriors with status update due Saturday,"BOSTON - Stephen Curry graced the parquet twice on Wednesday inside TD Garden: at morning shoot-around with the Golden State Warriors, then again hours before they played the Boston Celtics. ""Feels …",https://www.sfchronicle.com/sports/warriors/article/steph-curry-works-pregame-warriors-status-update-22084222.php
Stephen Curry,post_2009,2026-03-19,Hoops Hype,"Stephen Curry on father Dell Curry's jersey retirement: It means the world to us, I'm so excited","Beyond his accomplishments in Charlotte as a player, Dell Curry is a television analyst with the Hornets and Amazon Prime, and he has been an ambassador and special adviser for the franchise. It mean…",https://www.hoopshype.com/story/sports/nba/rumors/2026/03/19/stephen-curry-on-father-dell-currys-jersey-retirement-it-means-the-world-to-us-im-so-excited/89232361007/
Stephen Curry,post_2009,2026-03-19,New York Post,Celtics fan ejected after pulling on Steph Curry’s arm,Thats an easy way to get thrown out of the arena. A fan attending the Celtics dominant 120-99 win over the Warriors at TD Garden Arena in Boston was ejected on Wednesday after an incident in which t…,https://nypost.com/2026/03/19/sports/celtics-fan-ejected-after-pulling-on-steph-currys-arm/?utm_source=yahoo&amp;utm_campaign=nypost&amp;utm_medium=referral
Stephen Curry,post_2009,2026-03-19,Sporting News,Stephen Curry reveals what Dell Curry's jersey retirement means to him,Stephen Curry reveals what Dell Curry's jersey retirement means to him originally appeared on The Sporting News. Add The Sporting News as a Preferred Source by clicking here. The Charlotte Hornets e…,https://www.sportingnews.com/us/nba/charlotte-hornets/news/stephen-curry-reveals-dell-curry-jersey-retirement-means-him/3c427d9ece78d8923ec5286c
Stephen Curry,post_2009,2026-03-19,Sporting News,"Warriors officially sign 6-foot-11 former Heat, Thunder center to assist Stephen Curry","Stephen Curry IMAGN 02192026 Warriors officially sign 6-foot-11 former Heat, Thunder center to assist Stephen Curry originally appeared on The Sporting News. Add The Sporting News as a Preferred Sou…",https://www.sportingnews.com/us/nba/golden-state-warriors/news/warriors-officially-sign-6-foot-11-former-heat-thunder-center-assist-stephen-curry/cf535a1ca043b6ea5014adce
Stephen Curry,post_2009,2026-03-20,USA Today,Warriors' Kristaps Porzingis shares excitment over playing with Curry,Stephen Curry has missed the Golden State Warriors' last 18 games. He will remain on the shelf for at least two more weeks before being re-evaluated by the team's medical staff. Due to Curry's injury…,https://warriorswire.usatoday.com/story/sports/nba/warriors/2026/03/20/warriors-kristaps-porzingis-shares-excitment-over-playing-with-curry/89253731007/
Stephen Curry,post_2009,2026-03-20,The Sportsrush,NBA Analyst Believes Tanking Could Benefit Warriors More Than Stephen Curry Dominating the Play-In,"The Golden State Warriors are in the limbo portion of their post-dynasty run. On any given night, they are still fun to watch, mainly because of Steph Curry and Draymond Green. But the Dubs do have a…",https://thesportsrush.com/nba-news-nba-analyst-believes-tanking-could-benefit-warriors-more-than-stephen-curry-dominating-the-play-in/
Stephen Curry,post_2009,2026-03-21,Yahoo Entertainment,Warriors provide injury update on Steph Curry: 'good progress',"If you click 'Accept all', we and our partners, including 247 who are part of the IAB Transparency &amp; Consent Framework, will also store and / or access information on a device (in other words, us…",https://consent.yahoo.com/v2/collectConsent?sessionId=1_cc-session_865049ca-64fa-4ffd-8975-7f2e66e486e1
Stephen Curry,post_2009,2026-03-21,NBCSports.com,"Stephen Curry being 'incorporated into live action and team practices,' could return next week","In some much-needed good news for the Warriors, Stephen Curry is close to returning. Curry will be out for the Warriors' next two games as he continues to recover from patella-femoral pain syndrome …",https://www.nbcsports.com/nba/news/stephen-curry-being-incorporated-into-live-action-and-team-practices-could-return-next-week
Stephen Curry,post_2009,2026-03-21,Yahoo Entertainment,Stephen Curry to resume full team practices in the coming days as he recovers from knee injury,"If you click 'Accept all', we and our partners, including 247 who are part of the IAB Transparency &amp; Consent Framework, will also store and / or access information on a device (in other words, us…",https://consent.yahoo.com/v2/collectConsent?sessionId=1_cc-session_13069d7b-aabf-468c-a902-ec5180245d28
Stephen Curry,post_2009,2026-03-21,Yahoo Entertainment,Warriors provide encouraging Stephen Curry injury update,"If you click 'Accept all', we and our partners, including 247 who are part of the IAB Transparency &amp; Consent Framework, will also store and / or access information on a device (in other words, us…",https://consent.yahoo.com/v2/collectConsent?sessionId=1_cc-session_0766abf2-a4cd-4274-a6ae-e118256968c4
Stephen Curry,post_2009,2026-03-21,Yahoo Entertainment,"Stephen Curry progressing in recovery, set to miss at least two more games","If you click 'Accept all', we and our partners, including 247 who are part of the IAB Transparency &amp; Consent Framework, will also store and / or access information on a device (in other words, us…",https://consent.yahoo.com/v2/collectConsent?sessionId=1_cc-session_f82569cc-f8a5-46ed-aa26-61b6baf80d51
Stephen Curry,post_2009,2026-03-21,Yahoo Entertainment,"Stephen Curry nears return for Warriors, but will miss at least 2 more games as regular season winds down","Stephen Curry is nearing a return for the Golden State Warriors, but wont have much time to get right in even a best-case scenario. The Warriors announced Saturday that Curry, who has missed nearly …",https://sports.yahoo.com/nba/article/stephen-curry-nears-return-for-warriors-but-will-miss-at-least-2-more-games-as-regular-season-winds-down-214522104.html
Stephen Curry,post_2009,2026-03-22,USA Today,Warriors' Stephen Curry set for major checkpoint in injury recovery,"Stephen Curry has missed the Golden State Warriors' last 20 games due to injury. However, after recently being re-evaluated by the team's medical staff, the veteran guard is expected to ramp up his o…",https://warriorswire.usatoday.com/story/sports/nba/warriors/2026/03/21/warriors-stephen-curry-set-for-major-checkpoint-in-injury-recovery/89269226007/
Stephen Curry,post_2009,2026-03-22,USA Today,Warriors' Steve Kerr makes honest admission after losing to Hawks,"The Golden State Warriors dropped their third consecutive game on Saturday, March 21, losing to the Atlanta Hawks 126-110. Stephen Curry, Al Horford, Seth Curry and Jimmy Butler were all on the injur…",https://warriorswire.usatoday.com/story/sports/nba/warriors/2026/03/22/warriors-steve-kerr-makes-honest-admission-after-losing-to-hawks/89273756007/
Stephen Curry,post_2009,2026-03-22,San Francisco Chronicle,"Warriors' De'Anthony Melton clears back-to-back hurdle, eyes Steph Curry's return",DALLAS De'Anthony Melton quietly found satisfaction in playing games on consecutive nights for the first time this season Friday and Saturday. That's no idle achievement for a player fewer than 16 mo…,https://www.sfchronicle.com/sports/warriors/article/warriors-de-anthony-melton-clears-hurdle-22090118.php
Stephen Curry,post_2009,2026-03-22,Yahoo Entertainment,"Fantasy Basketball Week 22 Schedule Primer: Will Anthony Edwards, Stephen Curry be available?","In Yahoo! default leagues, Week 22 is the semifinal round of the fantasy playoffs. While most NBA teams play four games, a few have bad schedules, either because of the games they play or where those…",https://sports.yahoo.com/articles/fantasy-basketball-week-22-schedule-100000654.html
Stephen Curry,post_2009,2026-03-22,Yahoo Entertainment,Kevin Durant Admits He is Creeping Closer to Retirement,"If you click 'Accept all', we and our partners, including 247 who are part of the IAB Transparency &amp; Consent Framework, will also store and / or access information on a device (in other words, us…",https://consent.yahoo.com/v2/collectConsent?sessionId=1_cc-session_461b5ef6-cca6-455d-9f7e-80db5033ac55
Stephen Curry,post_2009,2026-03-23,Deadline,Kenya Barris To Make Documentary Directing Debut With Jerry West Doc For Amazon,"EXCLUSIVE: Jerry West, the former LA Laker who is widely considered one of the NBA greats, is getting the documentary treatment. Amazon has ordered Jerry West: The Logo, a feature-length doc about M…",http://deadline.com/2026/03/kenya-barris-documentary-directing-debut-jerry-west-amazon-1236761880/
Stephen Curry,post_2009,2026-03-23,"HITC - Football, Gaming, Movies, TV, Music","Lakers legend has ‘no way’ reaction to Steph Curry, Kevin Durant topping Michael Jordan on a list",Metta World Peace has strongly disagreed with a recent ranking that placed Stephen Curry and Kevin Durant above Michael Jordan as pure scorers. The former Los Angeles Lakers star reacted after a lis…,https://www.hitc.com/lakers-legend-has-no-way-reaction-to-steph-curry-kevin-durant-topping-michael-jordan-on-a-list/
Stephen Curry,post_2009,2026-03-24,Yahoo Entertainment,"Stephen Curry will participate in play-in tourney for Warriors if he's able, Steve Kerr says","If you click 'Accept all', we and our partners, including 247 who are part of the IAB Transparency &amp; Consent Framework, will also store and / or access information on a device (in other words, us…",https://consent.yahoo.com/v2/collectConsent?sessionId=1_cc-session_374140a9-e73f-4795-ae83-861a56d179de
Stephen Curry,post_2009,2026-03-24,Sportsnaut,Stephen Curry Injury Update: Golden State Warriors Reveal Return Timeline,"The Golden State Warriors have been without star point guard Stephen Curry for almost two months. Curry, who has been out with patella-femoral pain syndrome and bone bruising in his right knee, hasnt…",https://sportsnaut.com/nba/stephen-curry-injury-update-return-timeline
Stephen Curry,post_2009,2026-03-24,USA Today,Warriors guard Moses Moody suffers gruesome non-contact injury,"The Golden State Warriors can't catch a break this season when it comes to the injury bug. After receiving news that Stephen Curry has made ""good progress,"" the Warriors seemingly lose another playe…",https://www.usatoday.com/story/sports/nba/2026/03/24/golden-state-warriors-guard-moses-moody-has-non-contact-knee-injury/89296242007/
Stephen Curry,post_2009,2026-03-24,New York Post,Moses Moody carted off after suffering gruesome injury in Warriors win,Warriors guard Moses Moody thought he had just made the dagger defensive play to put an exclamation point on a big victory against the Mavericks before his knee gave way Monday night. Moody stole th…,https://nypost.com/2026/03/24/sports/warriors-moses-moody-carted-off-after-gruesome-overtime-injury/?utm_source=yahoo&amp;utm_campaign=nypost&amp;utm_medium=referral
Stephen Curry,post_2009,2026-03-24,Yahoo Entertainment,NBPA calls for 65-game rule to be 'abolished or reformed' after Cade Cunningham's injury,The National Basketball Players Association (NBPA) is calling for the abolishment of the leagues 65-game rule following a likely season-ending injury to Detroit Pistons star Cade Cunningham. The NBP…,https://sports.yahoo.com/nba/breaking-news/article/nbpa-calls-for-65-game-rule-to-be-abolished-or-reformed-after-cade-cunninghams-injury-183921252.html
Stephen Curry,post_2009,2026-03-25,Yahoo Entertainment,What Stephen Curry reminded Tiger Woods of before TGL’s SoFi Cup,"If you click 'Accept all', we and our partners, including 251 who are part of the IAB Transparency &amp; Consent Framework, will also store and / or access information on a device (in other words, us…",https://consent.yahoo.com/v2/collectConsent?sessionId=1_cc-session_592ebb76-76a9-403f-9b83-cf09fe84c88f
Stephen Curry,post_2009,2026-03-25,New York Post,Knicks are rolling — but now come real tests,The Knicks are about to return to reality. They carry a seven-game winning streak to their four-game road trip. All seven of those wins came against teams under. 500. All but one came against teams …,https://nypost.com/2026/03/25/sports/knicks-rolling-with-7-game-win-streak-but-now-come-real-tests/?utm_source=yahoo&amp;utm_campaign=nypost&amp;utm_medium=referral
Stephen Curry,post_2009,2026-03-25,The Sportsrush,"Steve Kerr Says Warriors Won’t Push Steph Curry’s Return, Unwilling to Risk Further Injury","Theres just a few weeks of regular season basketball left and the Golden State Warriors are still missing Stephen Curry, who continues to recover from knee injury. Their playoff hopes are already dwi…",https://thesportsrush.com/nba-news-steve-kerr-says-warriors-wont-push-steph-currys-return-unwilling-to-risk-further-injury/
Stephen Curry,post_2009,2026-03-26,Business Insider,Stephen Curry says one rule about when to 'quit' keeps his marriage strong,Stephen Curry.Michael Tran / AFP Stephen Curry says a simple rule has helped shape the way he approaches his marriage.The NBA player says he believes that neither partner can check …,https://www.businessinsider.com/stephen-curry-rule-quit-keeps-marriage-strong-ayesha-nba-2026-3
Stephen Curry,post_2009,2026-03-26,New York Post,Tanking Nets battle but fall to Warriors for ninth straight loss,"SAN FRANCISCO Gui Santos scored a career-high 31 points, Draymond Green made two clutch free throws with 6.9 seconds remaining and the Golden State Warriors beat the Nets 109-106 on Wednesday to clin…",https://nypost.com/2026/03/26/sports/tanking-nets-battle-but-fall-to-warriors-for-ninth-straight-loss/?utm_source=yahoo&amp;utm_campaign=nypost&amp;utm_medium=referral
Stephen Curry,post_2009,2026-03-26,Sporting News,Kon Knueppel eyes records set by splash brothers Stephen Curry and Klay Thompson,Kon Knueppel eyes records set by splash brothers Stephen Curry and Klay Thompson originally appeared on The Sporting News. Add The Sporting News as a Preferred Source by clicking here. The Charlotte…,https://www.sportingnews.com/us/nba/charlotte-hornets/news/kon-knueppel-eyes-splash-brother-stephen-curry-klay-thompson/d5bd82b61b294175073da009
Stephen Curry,post_2009,2026-03-26,Yahoo Entertainment,Warriors hand the Nets their ninth straight loss with a 109-106 victory,"SAN FRANCISCO (AP) Gui Santos scored a career-high 31 points, Draymond Green made two clutch free throws with 6.9 seconds remaining and the Golden State Warriors beat the Brooklyn Nets 109-106 on Wed…",https://sports.yahoo.com/articles/warriors-hand-nets-ninth-straight-050620753.html
Stephen Curry,post_2009,2026-03-26,Variety,‘The Reunion: Laguna Beach’ Trailer: Original Cast Reunites 20 Years Later (TV News Roundup),"“The Reunion: Laguna Beach” has a new trailer, released by Roku. The highly anticipated reunion special will be available on the streaming service on April 10. 20 years since the MTV reality series…",https://variety.com/2026/tv/news/tv-news-roundup-week-of-march-23-1236696947/
